geoid,lat,lng
17031010100,42.0212553,-87.6698301
17031010201,42.0160077,-87.6801484
17031010202,42.0160476,-87.6733256
17031010300,42.0159431,-87.6665393
17031010400,42.0064109,-87.6588157
17031010501,42.0094119,-87.6639583
17031010502,42.0045173,-87.6633273
17031010503,42.0003207,-87.6631262
17031010600,42.0062774,-87.667683
17031010701,42.0091482,-87.6786204
17031010702,42.0090199,-87.6727257
17031020100,42.015721,-87.6871169
17031020200,42.0156903,-87.6995191
17031020301,42.0068651,-87.7051865
17031020302,42.0085406,-87.6949634
17031020400,42.008488,-87.6859118
17031020500,42.0013129,-87.6841982
17031020601,42.0008746,-87.7018025
17031020602,42.0013156,-87.6936373
17031020701,41.9868915,-87.7036897
17031020702,41.9941256,-87.7048939
17031020801,41.9868081,-87.6944149
17031020802,41.9940592,-87.6946306
17031020901,41.9943922,-87.6854736
17031020902,41.9942585,-87.6786841
17031030101,41.9910538,-87.654879
17031030102,41.9930264,-87.6550225
17031030103,41.9955241,-87.6551527
17031030104,41.9972773,-87.6559864
17031030200,41.9944414,-87.66523
17031030300,41.9943875,-87.6725348
17031030400,41.9869515,-87.6720788
17031030500,41.987226,-87.6649359
17031030601,41.9889716,-87.6546087
17031030603,41.9854762,-87.6583979
17031030604,41.9858707,-87.6524546
17031030701,41.9827453,-87.6579659
17031030702,41.9808148,-87.6545286
17031030703,41.9788749,-87.6578708
17031030706,41.9804151,-87.6509155
17031030800,41.9799123,-87.664188
17031030900,41.9797951,-87.6714454
17031031000,41.972437,-87.6711094
17031031100,41.9726684,-87.6638662
17031031200,41.9727092,-87.657341
17031031300,41.9737646,-87.6465298
17031031400,41.9584475,-87.6424095
17031031501,41.9672886,-87.6524343
17031031502,41.9636326,-87.6523656
17031031700,41.9654466,-87.6631954
17031031800,41.9670114,-87.6706209
17031031900,41.963374,-87.6701841
17031032100,41.9581538,-87.6530179
17031040100,41.9856223,-87.6828856
17031040201,41.9725804,-87.6940005
17031040202,41.9798549,-87.694096
17031040300,41.9769437,-87.7019832
17031040401,41.9720667,-87.6860816
17031040402,41.972545,-87.6788181
17031040600,41.9668338,-87.684018
17031040700,41.9674314,-87.6940682
17031040800,41.963974,-87.6918213
17031040900,41.9631847,-87.6838544
17031050100,41.9578451,-87.676373
17031050200,41.9577405,-87.6837168
17031050300,41.9578851,-87.6904442
17031050500,41.9504474,-87.6835073
17031050600,41.9505477,-87.6761824
17031050700,41.945071,-87.6760595
17031050800,41.9450095,-87.6809279
17031050900,41.9449466,-87.685778
17031051000,41.9413024,-87.6857317
17031051100,41.9413652,-87.6808266
17031051200,41.9414224,-87.6759536
17031051300,41.9359971,-87.6758395
17031051400,41.935442,-87.6809594
17031060100,41.9575311,-87.6666112
17031060200,41.9579036,-87.6715175
17031060300,41.9506049,-87.6713327
17031060400,41.9506731,-87.6665364
17031060500,41.95272,-87.6605008
17031060800,41.953959,-87.6426489
17031060900,41.9515166,-87.6417784
17031061000,41.9492206,-87.6519703
17031061100,41.9491398,-87.6568035
17031061200,41.9490599,-87.6616427
17031061500,41.9452818,-87.6615447
17031061800,41.9464901,-87.6471147
17031061901,41.9432305,-87.6434679
17031061902,41.9466985,-87.6390645
17031062000,41.9425769,-87.6470786
17031062100,41.9426914,-87.6517704
17031062200,41.9425847,-87.656644
17031062300,41.9416278,-87.6614432
17031062400,41.9415556,-87.6662882
17031062500,41.941488,-87.6711073
17031062600,41.9359751,-87.6709843
17031062700,41.9360862,-87.6661103
17031062800,41.9361586,-87.6612648
17031062900,41.936237,-87.6564113
17031063000,41.9363102,-87.6515617
17031063100,41.9382319,-87.6467799
17031063200,41.9389231,-87.6346726
17031063301,41.9345407,-87.6430239
17031063302,41.9347647,-87.639854
17031063303,41.9347312,-87.6346613
17031063400,41.9346596,-87.64673
17031070101,41.9295225,-87.6323247
17031070102,41.9305828,-87.642202
17031070103,41.926811,-87.6426051
17031070200,41.9290777,-87.646293
17031070300,41.9290462,-87.6513103
17031070400,41.9289672,-87.6561563
17031070500,41.9289455,-87.6608922
17031070600,41.9287627,-87.6656766
17031070700,41.9306521,-87.6741038
17031071000,41.9217011,-87.6559114
17031071100,41.9217778,-87.6510614
17031071200,41.9218547,-87.6462106
17031071300,41.9217794,-87.6414578
17031071400,41.9227255,-87.6295259
17031071500,41.9142415,-87.6250923
17031071600,41.9164722,-87.6411823
17031071700,41.9128666,-87.6410717
17031071800,41.9145855,-87.645966
17031080100,41.9075487,-87.62679
17031080201,41.9094976,-87.6310051
17031080202,41.9058589,-87.630901
17031080300,41.9074899,-87.6357987
17031080400,41.9074123,-87.6409015
17031081000,41.9002655,-87.6321089
17031081100,41.9002211,-87.6291049
17031081201,41.8991538,-87.626212
17031081202,41.9043769,-87.6242374
17031081300,41.8983354,-87.6207531
17031081401,41.8950347,-87.6197175
17031081402,41.8910215,-87.612931
17031081403,41.8929908,-87.620956
17031081500,41.8929064,-87.6260787
17031081600,41.8920572,-87.6288708
17031081700,41.8922185,-87.6318316
17031081800,41.8933243,-87.6391895
17031081900,41.89799,-87.641487
17031090100,42.0152552,-87.8135872
17031090200,42.005594,-87.8130961
17031090300,41.9991127,-87.8163644
17031100100,41.989584,-87.7830136
17031100200,41.9957734,-87.7942589
17031100300,41.988733,-87.8042597
17031100400,41.9889687,-87.8180411
17031100500,41.9780453,-87.8197314
17031100600,41.9792049,-87.7974007
17031100700,41.9721235,-87.7976295
17031110100,41.9874756,-87.7696729
17031110200,41.9800699,-87.7734442
17031110300,41.9752907,-87.7832349
17031110400,41.9729536,-87.7726114
17031110501,41.9770023,-87.7619249
17031110502,41.9702865,-87.7598523
17031120100,42.0019817,-87.7750065
17031120200,41.9945319,-87.7576108
17031120300,41.9911122,-87.740066
17031120400,41.9772354,-87.7521624
17031130100,41.991104,-87.7208089
17031130200,41.9818378,-87.7375733
17031130300,41.9865589,-87.7133915
17031140100,41.9712014,-87.705805
17031140200,41.9706949,-87.7130043
17031140301,41.9692055,-87.7231695
17031140302,41.9724938,-87.7237561
17031140400,41.9715371,-87.7389429
17031140500,41.9653619,-87.7318319
17031140601,41.9646471,-87.7258909
17031140602,41.964652,-87.7210166
17031140701,41.9670375,-87.7126524
17031140702,41.9635482,-87.7135753
17031140800,41.9645144,-87.7028469
17031150200,41.9606747,-87.7524131
17031150300,41.9605179,-87.7622859
17031150401,41.9645676,-87.7722648
17031150402,41.9567979,-87.7720436
17031150501,41.9644762,-87.7819639
17031150502,41.9567784,-87.7818414
17031150600,41.9494731,-87.7717578
17031150700,41.9495915,-87.761958
17031150800,41.9497086,-87.7521182
17031151001,41.9423826,-87.7543527
17031151002,41.9424917,-87.7471554
17031151100,41.9422903,-87.7617175
17031151200,41.942169,-87.7714953
17031160100,41.9646282,-87.7427956
17031160200,41.9587931,-87.7383981
17031160300,41.9572681,-87.7308958
17031160400,41.9573657,-87.7228238
17031160501,41.9592098,-87.7129732
17031160502,41.9555841,-87.7130876
17031160601,41.959398,-87.7032936
17031160602,41.9566814,-87.7004635
17031160700,41.9512177,-87.7021347
17031160800,41.9502131,-87.7128146
17031160900,41.9500821,-87.7226082
17031161000,41.9499766,-87.7306829
17031161100,41.94988,-87.738155
17031161200,41.9425489,-87.7385701
17031161300,41.9426994,-87.7310023
17031170100,41.9558596,-87.7948168
17031170200,41.9493528,-87.7815188
17031170300,41.9491248,-87.7968278
17031170400,41.9489081,-87.8127107
17031170500,41.9500779,-87.8288957
17031170600,41.9412943,-87.8307016
17031170700,41.9414866,-87.822164
17031170800,41.9415761,-87.8123713
17031170900,41.9361958,-87.8116057
17031171000,41.9418072,-87.7965238
17031171100,41.9420528,-87.7812865
17031180100,41.9344851,-87.7986317
17031190100,41.9352176,-87.7443889
17031190200,41.9351136,-87.7516489
17031190300,41.9349864,-87.7614635
17031190401,41.9347276,-87.7809524
17031190402,41.9348596,-87.7712318
17031190601,41.9274146,-87.7804606
17031190602,41.9275604,-87.7707371
17031190701,41.9297959,-87.7614217
17031190702,41.9261631,-87.7610395
17031190800,41.9278186,-87.7513624
17031190900,41.9279225,-87.7441048
17031191000,41.9192297,-87.743801
17031191100,41.9196293,-87.7509763
17031191200,41.9201432,-87.7608269
17031191301,41.9201522,-87.7802655
17031191302,41.9202289,-87.7705334
17031200100,41.9350552,-87.7376226
17031200200,41.9278523,-87.7356282
17031200300,41.9234806,-87.7341264
17031200401,41.9198285,-87.7375419
17031200402,41.9196348,-87.7296789
17031210100,41.9446487,-87.7005716
17031210400,41.935745,-87.7303057
17031210501,41.9374013,-87.7223301
17031210502,41.9337846,-87.7220524
17031210601,41.9376356,-87.712214
17031210602,41.934163,-87.712572
17031210700,41.9357029,-87.7038401
17031210800,41.9357455,-87.6989334
17031210900,41.9348372,-87.6931182
17031220300,41.9284647,-87.6950863
17031220400,41.9284314,-87.6999684
17031220500,41.9283343,-87.7049877
17031220601,41.9258252,-87.7128836
17031220602,41.929396,-87.712086
17031220701,41.9261554,-87.7215651
17031220702,41.9293687,-87.7242313
17031220901,41.9191816,-87.7212483
17031220902,41.9227112,-87.7218357
17031221000,41.9209604,-87.7152526
17031221100,41.9210205,-87.7103609
17031221200,41.9210831,-87.7046499
17031221300,41.9211256,-87.6997541
17031221400,41.9208013,-87.694532
17031221500,41.9216468,-87.6899513
17031221600,41.9212478,-87.6850971
17031222200,41.9159095,-87.6838262
17031222500,41.9156825,-87.6995874
17031222600,41.9156388,-87.7044798
17031222700,41.9155009,-87.7102058
17031222800,41.9154349,-87.7150953
17031222900,41.9155644,-87.7200744
17031230100,41.912008,-87.7043655
17031230200,41.9118688,-87.7100844
17031230300,41.9117866,-87.7149884
17031230400,41.9118202,-87.7215519
17031230500,41.9116892,-87.7339434
17031230600,41.906155,-87.7339986
17031230700,41.9063229,-87.7215397
17031230800,41.9058396,-87.714953
17031230900,41.9066918,-87.7103505
17031231100,41.8992542,-87.7150684
17031231200,41.8990614,-87.7213153
17031231500,41.8917357,-87.7186525
17031240200,41.9124417,-87.6701816
17031240300,41.9123693,-87.6750677
17031240500,41.9119683,-87.6836267
17031240600,41.9121341,-87.6897111
17031240700,41.9120878,-87.6945986
17031240800,41.9120483,-87.6994876
17031240900,41.9048448,-87.6986233
17031241000,41.9079686,-87.6945342
17031241100,41.9066403,-87.6895801
17031241200,41.906707,-87.6846857
17031241300,41.9067716,-87.681025
17031241400,41.9060312,-87.6753137
17031241500,41.908374,-87.6709298
17031241600,41.9067097,-87.6653277
17031242000,41.8997371,-87.6649536
17031242100,41.8996698,-87.6698375
17031242200,41.8995893,-87.6747188
17031242300,41.8995065,-87.6796003
17031242400,41.8994219,-87.68449
17031242500,41.8994455,-87.6893191
17031242600,41.90056,-87.694197
17031242700,41.8974254,-87.6993742
17031242800,41.892632,-87.6903237
17031242900,41.8921955,-87.6842896
17031243000,41.8922753,-87.6793981
17031243100,41.8923546,-87.6745068
17031243200,41.8924327,-87.6696238
17031243300,41.8924781,-87.6647388
17031243400,41.892566,-87.659854
17031243500,41.8926494,-87.6525227
17031250200,41.9123508,-87.751073
17031250300,41.9128483,-87.7608528
17031250400,41.912905,-87.7754058
17031250500,41.914618,-87.796796
17031250600,41.9056935,-87.7706303
17031250700,41.9058206,-87.7608128
17031250800,41.9061855,-87.7514741
17031251000,41.8986945,-87.7448924
17031251100,41.8986248,-87.7520112
17031251200,41.8985491,-87.760604
17031251300,41.8984251,-87.7703849
17031251400,41.8909574,-87.7701248
17031251500,41.8911035,-87.7603538
17031251600,41.8914065,-87.7518037
17031251700,41.8913844,-87.7444793
17031251800,41.8841436,-87.7478885
17031251900,41.8838116,-87.7600945
17031252000,41.8836759,-87.7698798
17031252101,41.8738812,-87.7698552
17031252102,41.876599,-87.7598276
17031252201,41.8766958,-87.7521051
17031252202,41.8767584,-87.7445832
17031260100,41.8843707,-87.7233302
17031260200,41.8843243,-87.7282302
17031260300,41.8842766,-87.7331362
17031260400,41.8842145,-87.7380411
17031260500,41.8766639,-87.7377282
17031260600,41.8771076,-87.732867
17031260700,41.8770565,-87.7279962
17031260800,41.8770848,-87.7230964
17031260900,41.8710297,-87.7228141
17031261000,41.8713379,-87.7320094
17031270500,41.8762402,-87.7177932
17031271200,41.8773597,-87.7035621
17031271300,41.877304,-87.7084528
17031271400,41.8772429,-87.7133314
17031271500,41.8717861,-87.7131559
17031271800,41.8714964,-87.6984897
17031280100,41.885452,-87.6434977
17031280400,41.8860094,-87.6718846
17031280800,41.8785967,-87.6889009
17031280900,41.8786261,-87.6851324
17031281900,41.8786346,-87.6429236
17031282700,41.8713668,-87.6886812
17031282800,41.8702683,-87.6849136
17031283100,41.8692741,-87.664092
17031283200,41.869579,-87.6592023
17031283800,41.8634168,-87.6537547
17031290900,41.8624103,-87.7324567
17031291200,41.8626611,-87.7128746
17031291600,41.8576415,-87.6922159
17031292200,41.8566665,-87.7157306
17031292400,41.8552397,-87.7223992
17031292500,41.8551613,-87.7322428
17031300500,41.8474251,-87.7219393
17031300600,41.8479904,-87.7173343
17031300700,41.848072,-87.7124504
17031300800,41.8481108,-87.7075818
17031300900,41.8481796,-87.7026993
17031301100,41.847029,-87.6979734
17031301200,41.8484171,-87.6914771
17031301600,41.8407572,-87.712252
17031301701,41.8424805,-87.7196254
17031301702,41.8388062,-87.7195244
17031301801,41.8416597,-87.7350509
17031301802,41.8451846,-87.7277592
17031301803,41.8395497,-87.7278708
17031310200,41.85631,-87.6442091
17031310300,41.8561439,-87.6489782
17031310400,41.8565069,-87.6522613
17031310500,41.855248,-87.65474
17031310600,41.856333,-87.6595637
17031310700,41.8559903,-87.6649061
17031310800,41.8559337,-87.6685737
17031310900,41.8557716,-87.6746741
17031320101,41.8850259,-87.617059
17031320102,41.8851249,-87.6241944
17031320400,41.875817,-87.6172556
17031320600,41.8705542,-87.6165962
17031330101,41.8591203,-87.613225
17031330102,41.8635721,-87.6239883
17031330103,41.8564796,-87.6234172
17031330200,41.8655783,-87.630568
17031340300,41.8428046,-87.6357882
17031340400,41.8418857,-87.6320356
17031340500,41.8345181,-87.6329169
17031340600,41.8272864,-87.6326516
17031350100,41.840259,-87.6079492
17031350400,41.8419291,-87.6283695
17031351000,41.8355675,-87.6065282
17031351100,41.827754,-87.6141894
17031351400,41.8274019,-87.6240909
17031351500,41.8272402,-87.6277309
17031360200,41.8268855,-87.6098876
17031380100,41.8202019,-87.6100974
17031380200,41.820574,-87.6149861
17031380600,41.820151,-87.6229356
17031381200,41.8085114,-87.6139992
17031381400,41.8076202,-87.6214298
17031381500,41.8101927,-87.6228619
17031381700,41.8055502,-87.6274463
17031381800,41.8038481,-87.6211978
17031381900,41.8039557,-87.6138885
17031390100,41.8135545,-87.5905449
17031390200,41.813041,-87.5994765
17031390300,41.8132006,-87.6042089
17031390400,41.8059243,-87.6040582
17031390500,41.8059781,-87.5991987
17031390600,41.8060181,-87.5943504
17031390700,41.8040164,-87.5804887
17031400300,41.789754,-87.6112728
17031400400,41.7911261,-87.6183211
17031400500,41.7910414,-87.6231791
17031400800,41.7828633,-87.620558
17031410100,41.8015822,-87.5810259
17031410200,41.8016709,-87.5942651
17031410500,41.7978308,-87.6037423
17031410600,41.7979687,-87.5989422
17031410700,41.7980493,-87.5941996
17031410800,41.7979614,-87.5896248
17031410900,41.7967097,-87.5780937
17031411000,41.7872267,-87.577462
17031411100,41.7904552,-87.5897008
17031411200,41.7905618,-87.5940171
17031420100,41.7825689,-87.5795042
17031420200,41.783468,-87.5935208
17031420300,41.7832241,-87.598697
17031420400,41.7831699,-87.6035584
17031420500,41.7831002,-87.6084261
17031420600,41.7830135,-87.6132777
17031420700,41.7766914,-87.6106933
17031420800,41.7769097,-87.6032569
17031421200,41.7706621,-87.6089474
17031430101,41.7698532,-87.573953
17031430102,41.7689528,-87.5638143
17031430200,41.7697613,-87.5813509
17031430300,41.7697163,-87.5893601
17031430400,41.7621961,-87.5903098
17031430500,41.7643139,-87.58127
17031430600,41.7644133,-87.571373
17031430700,41.7652716,-87.5608903
17031430800,41.76075,-87.5712983
17031430900,41.760641,-87.5811851
17031431200,41.7553011,-87.5711843
17031431301,41.7535302,-87.5601871
17031431302,41.7583855,-87.5627859
17031431400,41.7572084,-87.546555
17031440101,41.7486271,-87.6014512
17031440102,41.7409356,-87.6011636
17031440201,41.7482097,-87.6100739
17031440202,41.7409599,-87.609762
17031440300,41.7437212,-87.6195424
17031440600,41.7326718,-87.6191373
17031440700,41.7347514,-87.6096294
17031440800,41.7317114,-87.603328
17031440900,41.728669,-87.6090057
17031450300,41.7419438,-87.5790892
17031460100,41.7478345,-87.5367253
17031460200,41.7413872,-87.5470101
17031460301,41.7400264,-87.5563673
17031460302,41.747084,-87.5573879
17031460400,41.7444903,-87.5636922
17031460500,41.7468819,-87.5726041
17031460800,41.7356005,-87.5531842
17031461000,41.7273925,-87.5465424
17031470100,41.7282207,-87.5964894
17031480100,41.735241,-87.5757292
17031480200,41.7351241,-87.5898829
17031480300,41.729194,-87.5879725
17031480400,41.7284498,-87.5756385
17031480500,41.7276001,-87.5590911
17031490200,41.7249095,-87.6168742
17031490500,41.7179309,-87.6131964
17031490600,41.7179734,-87.6283302
17031490700,41.7107339,-87.6283617
17031490800,41.7106902,-87.6153469
17031490901,41.6960582,-87.6162677
17031490902,41.7032801,-87.6153262
17031491000,41.6997625,-87.6280536
17031491100,41.6997531,-87.6376994
17031491200,41.6887765,-87.6374383
17031491300,41.6888969,-87.6278036
17031491400,41.6891232,-87.6168215
17031500100,41.714684,-87.5950287
17031500200,41.7008552,-87.6003086
17031500300,41.689315,-87.6053698
17031510100,41.7126213,-87.5500748
17031510200,41.7142651,-87.5600495
17031510300,41.7157373,-87.5749771
17031520100,41.7211184,-87.5294325
17031520200,41.7123087,-87.5406913
17031520300,41.7011139,-87.5395629
17031520400,41.703008,-87.5307029
17031520500,41.6931158,-87.5308719
17031520600,41.6895204,-87.5404
17031530100,41.6818522,-87.6179395
17031530200,41.6815612,-87.6323954
17031530300,41.6813144,-87.6517524
17031530400,41.6740397,-87.6515267
17031530501,41.674278,-87.632166
17031530502,41.6660796,-87.6250251
17031530503,41.6642039,-87.6375356
17031530600,41.6700882,-87.6191458
17031540101,41.6507203,-87.5993689
17031540102,41.66733,-87.6054488
17031550100,41.6631813,-87.5359785
17031550200,41.6550974,-87.564827
17031560100,41.8156765,-87.741591
17031560200,41.8113309,-87.7478273
17031560300,41.8039075,-87.747987
17031560400,41.8040062,-87.7406144
17031560700,41.7964626,-87.7575202
17031560800,41.7962056,-87.7721659
17031560900,41.7957702,-87.7916514
17031561000,41.7885022,-87.7915033
17031561100,41.7888698,-87.7719099
17031570100,41.8162003,-87.7189132
17031570200,41.8143799,-87.7307183
17031570300,41.8041449,-87.7307909
17031570400,41.8049921,-87.7191305
17031570500,41.7986015,-87.7324553
17031580100,41.8280549,-87.6907463
17031580200,41.8267718,-87.6993478
17031580300,41.8251876,-87.708934
17031580400,41.8152753,-87.7091845
17031580501,41.819986,-87.6994962
17031580502,41.8145617,-87.6993102
17031580600,41.8173978,-87.6920314
17031580700,41.8174935,-87.6868459
17031580800,41.8102197,-87.6866436
17031590500,41.8248978,-87.6804596
17031590600,41.8268332,-87.6729244
17031590700,41.8260539,-87.6627888
17031600400,41.8417183,-87.6439322
17031600600,41.8424685,-87.655751
17031600700,41.8407816,-87.660543
17031600900,41.836513,-87.6531428
17031610300,41.8161779,-87.6751022
17031610400,41.8103984,-87.6674491
17031610800,41.8127119,-87.6384046
17031611200,41.8049939,-87.6624414
17031611300,41.8049362,-87.6673039
17031611400,41.8048929,-87.6721661
17031611500,41.8053819,-87.678731
17031611600,41.7976329,-87.676898
17031611700,41.7975991,-87.6719762
17031611800,41.7976477,-87.6671138
17031611900,41.7985375,-87.6595552
17031612000,41.7978466,-87.652536
17031612100,41.7979128,-87.6476808
17031612200,41.8048761,-87.6527194
17031620100,41.7980175,-87.7180257
17031620200,41.7955215,-87.7292339
17031620300,41.7895025,-87.7304438
17031620400,41.7896382,-87.7181682
17031630300,41.798862,-87.7086378
17031630400,41.7972545,-87.6987811
17031630500,41.7974279,-87.6890171
17031630600,41.8012095,-87.6888524
17031630800,41.7899652,-87.6985725
17031630900,41.7898114,-87.7083655
17031640100,41.7819196,-87.7398608
17031640300,41.7815321,-87.7716353
17031640400,41.7811784,-87.7912474
17031640500,41.7756825,-87.7909879
17031640600,41.7760362,-87.7714298
17031640700,41.7764111,-87.7519356
17031640800,41.7748241,-87.7397422
17031650100,41.7823766,-87.7178549
17031650200,41.7822221,-87.7302252
17031650301,41.7749275,-87.7299916
17031650302,41.7750931,-87.7177331
17031650400,41.7653118,-87.7171651
17031650500,41.7622187,-87.7320352
17031660301,41.7799541,-87.6982872
17031660302,41.7835957,-87.6983926
17031660400,41.7825321,-87.7080441
17031660500,41.7752461,-87.7079271
17031660600,41.7772873,-87.6933406
17031660700,41.7738452,-87.6810955
17031660800,41.7736413,-87.6932656
17031660900,41.7678191,-87.699063
17031661000,41.7618177,-87.6850469
17031661100,41.7607864,-87.7026636
17031670100,41.7904937,-87.6572084
17031670200,41.7904247,-87.6620627
17031670300,41.7903576,-87.6669167
17031670400,41.7902996,-87.6717698
17031670500,41.786578,-87.6764044
17031670600,41.7830054,-87.6715772
17031670700,41.7830686,-87.6667315
17031670800,41.7831442,-87.661879
17031670900,41.7832124,-87.657022
17031671100,41.7767771,-87.6617159
17031671200,41.7766993,-87.6665823
17031671300,41.7739015,-87.6713493
17031671400,41.7737921,-87.6762289
17031671500,41.7681722,-87.6696315
17031671600,41.7694999,-87.6615113
17031671800,41.761401,-87.6564481
17031671900,41.7613256,-87.6612802
17031672000,41.7611983,-87.6711281
17031680500,41.7905639,-87.6523524
17031680600,41.7832811,-87.6521652
17031680900,41.7764305,-87.6376304
17031681000,41.7760398,-87.6495479
17031681100,41.7687665,-87.6493595
17031681200,41.7691893,-87.6384976
17031681300,41.7611807,-87.6398423
17031681400,41.7615223,-87.6491706
17031690300,41.7686693,-87.6290093
17031690400,41.769259,-87.6202039
17031690500,41.7681794,-87.6121031
17031690900,41.7621424,-87.6103447
17031691000,41.7619654,-87.6200151
17031691100,41.7617135,-87.6298721
17031691200,41.7526208,-87.6304113
17031691300,41.7546811,-87.6198472
17031691400,41.7548455,-87.6101685
17031691500,41.7550528,-87.6002666
17031700100,41.7535935,-87.6953091
17031700200,41.7529893,-87.723784
17031700301,41.7456225,-87.7317117
17031700302,41.7383652,-87.7313064
17031700401,41.7455372,-87.7120355
17031700402,41.7382302,-87.7118234
17031700501,41.7462133,-87.6903423
17031700502,41.7388522,-87.6887683
17031710100,41.7533918,-87.6419713
17031710200,41.7551131,-87.6514252
17031710300,41.7540485,-87.6611057
17031710400,41.7539184,-87.6709328
17031710500,41.7475316,-87.6707874
17031710600,41.74766,-87.6609434
17031710700,41.74711,-87.656884
17031710800,41.7478366,-87.6488126
17031710900,41.7421461,-87.6396893
17031711000,41.7396436,-87.6485811
17031711100,41.7395016,-87.6583002
17031711200,41.7405561,-87.6698252
17031711300,41.7335044,-87.6672855
17031711400,41.7336614,-87.6521168
17031711500,41.7324402,-87.6386888
17031720100,41.7276164,-87.6747355
17031720200,41.7130417,-87.6660545
17031720300,41.7139198,-87.6771439
17031720400,41.7099918,-87.6866686
17031720500,41.7028353,-87.6891011
17031720600,41.7027764,-87.677207
17031720700,41.7031071,-87.6651388
17031730100,41.7251952,-87.6384256
17031730201,41.7268625,-87.6579016
17031730202,41.7264299,-87.6485425
17031730300,41.7274693,-87.6645667
17031730400,41.7178408,-87.6526479
17031730500,41.7142653,-87.6381377
17031730600,41.7106003,-87.6504857
17031730700,41.7030817,-87.6500793
17031740100,41.6972859,-87.6986083
17031740200,41.7047017,-87.7127057
17031740300,41.6950694,-87.7107233
17031740400,41.6872391,-87.7193158
17031750100,41.6958345,-87.6520283
17031750200,41.6956647,-87.6714247
17031750300,41.6953911,-87.6861726
17031750400,41.6856566,-87.685071
17031750500,41.6846154,-87.6712334
17031750600,41.6886312,-87.6520493
17031760801,41.9834867,-87.8448495
17031760802,41.9561268,-87.842621
17031760803,41.9753408,-87.8441356
17031770201,41.9976219,-88.0176952
17031770202,42.0286697,-88.0219089
17031770300,42.0411009,-88.0063939
17031770400,42.0246767,-87.9740263
17031770500,42.0080063,-87.9447433
17031770601,42.0291453,-87.9087421
17031770602,42.011911,-87.9074973
17031770700,41.9854357,-87.8694197
17031770800,41.9633197,-87.8664226
17031770901,41.970556,-87.8168604
17031770902,41.9700602,-87.8361806
17031800100,42.1339745,-87.7477294
17031800200,42.1344071,-87.7711018
17031800300,42.1125387,-87.7574932
17031800400,42.1116252,-87.7290577
17031800500,42.1002317,-87.7407481
17031800600,42.0887818,-87.7143339
17031800700,42.0847062,-87.7425824
17031800800,42.09722,-87.7586298
17031800900,42.0735095,-87.7527614
17031801000,42.0723092,-87.7348644
17031801100,42.0751828,-87.7149697
17031801200,42.0788722,-87.68483
17031801300,42.0741035,-87.6970402
17031801400,42.0711418,-87.7656006
17031801500,42.1399021,-87.8145971
17031801601,42.1452894,-87.863023
17031801603,42.087117,-87.8770893
17031801605,42.1291981,-87.8632115
17031801606,42.1163254,-87.8687084
17031801607,42.089417,-87.8589238
17031801608,42.1064279,-87.8310901
17031801701,42.1264867,-87.8429419
17031801702,42.1252389,-87.8281456
17031801800,42.1151825,-87.7875818
17031801901,42.094993,-87.8008408
17031801902,42.0865354,-87.7833677
17031802002,42.0732542,-87.8320839
17031802003,42.0795988,-87.8456411
17031802004,42.0693032,-87.8537258
17031802100,42.0722616,-87.8115442
17031802200,42.0729443,-87.7881169
17031802300,42.0904797,-87.8242139
17031802402,42.1479523,-87.9100992
17031802403,42.1418701,-87.9531258
17031802404,42.1477505,-87.9440326
17031802503,42.1316179,-87.9537744
17031802504,42.1343263,-87.9370604
17031802505,42.122275,-87.9126363
17031802506,42.1299534,-87.8977629
17031802605,42.097126,-87.9129492
17031802607,42.0979804,-87.933148
17031802608,42.1009482,-87.9488888
17031802609,42.1053603,-87.8996709
17031802610,42.0976999,-87.8954887
17031802701,42.0843917,-87.9166479
17031802702,42.0742533,-87.9076154
17031802801,42.0826842,-87.9568289
17031802802,42.071667,-87.9432469
17031802900,42.0971614,-87.9690169
17031803005,42.1322418,-87.9920463
17031803007,42.1317433,-87.9706739
17031803008,42.1181133,-87.9704677
17031803010,42.1512524,-87.979999
17031803012,42.1432824,-87.995232
17031803013,42.143092,-87.9718935
17031803014,42.1188515,-87.9327845
17031803015,42.1164128,-87.9496249
17031803016,42.1208172,-87.986523
17031803017,42.1191707,-87.9982585
17031803100,42.1003925,-87.9864133
17031803200,42.0988438,-87.9976755
17031803300,42.0850701,-87.9894768
17031803400,42.0745454,-87.9711873
17031803500,42.0739284,-87.9940638
17031803603,42.1203621,-88.0953704
17031803604,42.1298817,-88.0409769
17031803605,42.1280433,-88.0248514
17031803607,42.1185514,-88.0155401
17031803608,42.1440733,-88.0735467
17031803611,42.1481082,-88.018113
17031803612,42.1498523,-88.0087908
17031803613,42.1403097,-88.0135006
17031803614,42.1363338,-88.0112153
17031803615,42.1312692,-88.0784266
17031803616,42.130644,-88.0603591
17031803701,42.1190705,-88.0525589
17031803702,42.1056862,-88.054146
17031803800,42.109026,-88.0354428
17031803901,42.0973527,-88.0193821
17031803902,42.0829609,-88.0152318
17031804000,42.072763,-88.018075
17031804102,42.096721,-88.0754279
17031804104,42.1047153,-88.109166
17031804105,42.077721,-88.0965417
17031804106,42.0879204,-88.0500926
17031804108,42.0749485,-88.0507852
17031804109,42.0754963,-88.0367314
17031804202,42.1014508,-88.1308489
17031804203,42.0988871,-88.1581646
17031804204,42.1151722,-88.202193
17031804305,42.0376728,-88.1603535
17031804306,42.0219819,-88.1740085
17031804308,42.0239204,-88.152699
17031804309,42.0125737,-88.1575723
17031804312,42.0542353,-88.2008038
17031804313,42.0625192,-88.2401967
17031804314,42.0377093,-88.2040103
17031804315,42.0200711,-88.188183
17031804316,42.0262543,-88.2006618
17031804403,42.0513685,-88.242414
17031804404,42.0422885,-88.2441212
17031804405,42.034768,-88.2429903
17031804406,42.0174771,-88.2561802
17031804505,41.9936149,-88.1751552
17031804506,42.0031424,-88.1964874
17031804508,42.0073192,-88.1800998
17031804509,42.0044138,-88.1651208
17031804510,42.0000406,-88.1525557
17031804511,41.9922655,-88.1522087
17031804512,42.0200467,-88.2211419
17031804513,42.0084595,-88.2251086
17031804514,41.9987533,-88.2307015
17031804603,42.0543487,-88.0540088
17031804606,42.009136,-88.0480798
17031804607,41.997336,-88.0520065
17031804608,42.033868,-88.0729963
17031804609,42.0315791,-88.0446067
17031804610,42.0240925,-88.0510406
17031804611,42.0188278,-88.0677831
17031804701,42.0516883,-88.1606437
17031804705,42.0594346,-88.1136271
17031804706,42.0550449,-88.1067312
17031804709,42.0374913,-88.087406
17031804710,42.0317627,-88.107542
17031804711,42.0353003,-88.1397559
17031804712,42.0365788,-88.1261143
17031804713,42.0535227,-88.0899484
17031804714,42.0630032,-88.0935439
17031804715,42.0450231,-88.0977017
17031804716,42.0420219,-88.1141927
17031804803,41.9998125,-88.0888747
17031804804,41.9968749,-88.1267398
17031804805,42.0200706,-88.1290843
17031804806,42.0086881,-88.1363775
17031804807,42.0103801,-88.1199897
17031804808,42.0220152,-88.100025
17031804809,42.0110786,-88.1012621
17031804810,42.0161512,-88.0829772
17031804901,42.0594171,-87.9322202
17031804902,42.0446148,-87.9309674
17031805001,42.0564377,-87.9512516
17031805002,42.0423539,-87.9507693
17031805105,42.0583574,-88.0130994
17031805106,42.0608181,-87.9982952
17031805107,42.0414143,-87.9805229
17031805108,42.0438468,-87.9665233
17031805109,42.0550728,-87.9760987
17031805110,42.0628235,-87.9744666
17031805111,42.035507,-87.9438078
17031805112,42.0218595,-87.937699
17031805201,42.0608624,-87.8307449
17031805202,42.0596527,-87.8147419
17031805301,42.044974,-87.8196521
17031805302,42.0497649,-87.8134423
17031805401,42.0330767,-87.8259769
17031805402,42.0297739,-87.8113312
17031805501,42.0196065,-87.8378985
17031805502,42.0171513,-87.8239849
17031805600,42.0025082,-87.8309177
17031805701,42.0029705,-87.8510299
17031805702,41.9920564,-87.84683
17031805801,42.01838,-87.8631205
17031805802,42.0152617,-87.8473873
17031805901,42.0348396,-87.8707849
17031805902,42.0329109,-87.8472073
17031806001,42.06036,-87.8491466
17031806002,42.04826,-87.8666022
17031806004,42.0472521,-87.8358213
17031806005,42.0435347,-87.8506827
17031806006,42.0506342,-87.8502225
17031806102,42.0479477,-87.9024646
17031806103,42.0588334,-87.9118137
17031806104,42.0606132,-87.8784621
17031806201,42.0454459,-87.8897882
17031806202,42.03761,-87.8888917
17031806300,42.0379179,-87.9023799
17031806400,42.0288302,-87.881822
17031806501,42.0157961,-87.891065
17031806502,42.0165164,-87.8782773
17031806600,42.0034176,-87.8730733
17031806700,42.0528083,-87.7228016
17031806801,42.0563811,-87.7395379
17031806802,42.0443774,-87.7397696
17031806900,42.056765,-87.7557144
17031807000,42.0444492,-87.75554
17031807100,42.0444535,-87.7210786
17031807200,42.0371751,-87.7285103
17031807300,42.0337614,-87.7549133
17031807400,42.0281935,-87.7398439
17031807500,42.0279578,-87.728138
17031807600,42.0214424,-87.7224577
17031807700,42.0207639,-87.7542195
17031807800,42.0151569,-87.7637294
17031807900,42.0041886,-87.7487798
17031808001,42.0070209,-87.7354065
17031808002,42.0050636,-87.7194386
17031808100,42.0113034,-87.7900018
17031808200,42.02642,-87.7973221
17031808301,42.0333408,-87.7851412
17031808302,42.0322813,-87.7667893
17031808400,42.048738,-87.7938583
17031808500,42.0472355,-87.7735988
17031808600,42.0602335,-87.7856085
17031808702,42.058204,-87.6718922
17031808800,42.0655221,-87.6819475
17031808900,42.0665152,-87.7174711
17031809000,42.0597569,-87.718914
17031809100,42.059352,-87.7043588
17031809200,42.0525535,-87.6992705
17031809300,42.0579521,-87.6864657
17031809401,42.0447842,-87.6725221
17031809402,42.0490312,-87.6820289
17031809500,42.0464554,-87.6877279
17031809600,42.0447451,-87.6999044
17031809700,42.0374659,-87.6999151
17031809800,42.037529,-87.685499
17031809900,42.0376185,-87.6752631
17031810000,42.0247367,-87.6693055
17031810100,42.030206,-87.6846291
17031810200,42.0228223,-87.6833402
17031810301,42.0253099,-87.7016081
17031810302,42.0294129,-87.6947173
17031810400,41.9875737,-87.8294387
17031810501,41.9602807,-87.8259863
17031810502,41.9595847,-87.8104592
17031810600,41.9642246,-87.7961002
17031810701,41.9309116,-87.811475
17031810702,41.9252753,-87.8159951
17031810800,41.9322899,-87.8209674
17031810900,41.9165283,-87.8100724
17031811000,41.915668,-87.8197163
17031811100,41.9270773,-87.8344152
17031811200,41.9222261,-87.8453739
17031811301,41.9159946,-87.8832944
17031811302,41.9160827,-87.8595375
17031811401,41.9335763,-87.8707053
17031811402,41.9266487,-87.8748227
17031811500,41.9413776,-87.8686704
17031811600,41.9511884,-87.8722007
17031811701,41.9421289,-87.9029937
17031811702,41.9264468,-87.9046009
17031811800,41.9141121,-87.9064379
17031811900,41.9008459,-87.8189279
17031812000,41.8875807,-87.8201224
17031812100,41.9025047,-87.7798547
17031812200,41.9054055,-87.7946857
17031812301,41.8891477,-87.7984589
17031812302,41.8967468,-87.8015407
17031812400,41.8957739,-87.7911158
17031812500,41.8913783,-87.7806992
17031812600,41.8835487,-87.7796661
17031812700,41.8833934,-87.7894754
17031812801,41.8831878,-87.8024147
17031812802,41.883289,-87.7971767
17031812900,41.8763226,-87.7953122
17031813000,41.8763621,-87.7806602
17031813100,41.8690097,-87.7816188
17031813200,41.8690617,-87.7969689
17031813301,41.8621602,-87.7544156
17031813302,41.8622744,-87.7446672
17031813400,41.8609814,-87.7666419
17031813500,41.8581606,-87.7757697
17031813600,41.8540563,-87.7648564
17031813701,41.8548833,-87.7541951
17031813702,41.8551811,-87.7465073
17031813801,41.8503452,-87.7434594
17031813802,41.8479746,-87.7539886
17031813900,41.846501,-87.768491
17031814000,41.8453738,-87.7754192
17031814100,41.8422803,-87.7630429
17031814200,41.8356494,-87.7456153
17031814300,41.8342003,-87.7582502
17031814400,41.827686,-87.7635474
17031814500,41.8302073,-87.7745468
17031814600,41.8616508,-87.7850665
17031814700,41.8614519,-87.7976272
17031814800,41.8494406,-87.7983382
17031814900,41.8533777,-87.7897934
17031815000,41.8562543,-87.7830143
17031815100,41.8475102,-87.7855812
17031815200,41.8383064,-87.7840493
17031815300,41.8393764,-87.7953526
17031815400,41.8313704,-87.796191
17031815500,41.8251471,-87.7877679
17031815600,41.8449684,-87.8240397
17031815701,41.8367113,-87.8110754
17031815702,41.8283595,-87.8169399
17031815800,41.8315845,-87.8366826
17031815900,41.8832373,-87.8097247
17031816000,41.8763759,-87.8163473
17031816100,41.8615597,-87.8183947
17031816200,41.9036197,-87.840829
17031816300,41.9042501,-87.8577095
17031816401,41.8955765,-87.8603346
17031816402,41.8943837,-87.850982
17031816500,41.8962808,-87.8935603
17031816600,41.9032163,-87.8808408
17031816700,41.9045705,-87.8963779
17031816800,41.8914374,-87.9119067
17031816900,41.8867815,-87.8906599
17031817000,41.8873598,-87.8725068
17031817101,41.8762488,-87.8780999
17031817102,41.8771915,-87.8657806
17031817200,41.8830061,-87.8545258
17031817300,41.8840812,-87.8478481
17031817400,41.8930003,-87.838256
17031817500,41.880293,-87.8358233
17031817600,41.8700996,-87.8384434
17031817700,41.87175,-87.8517415
17031817900,41.858776,-87.8449998
17031818000,41.8543592,-87.8584391
17031818100,41.8511914,-87.8737524
17031818200,41.8635151,-87.8751418
17031818300,41.8772724,-87.8987752
17031818401,41.8614167,-87.903125
17031818402,41.851896,-87.8918596
17031818500,41.8407439,-87.8984346
17031818600,41.840241,-87.8654967
17031818700,41.8335498,-87.8461152
17031818800,41.8271222,-87.8544213
17031818900,41.8275855,-87.8668626
17031819000,41.8259449,-87.8950412
17031819100,41.8158454,-87.8134835
17031819200,41.811879,-87.8300332
17031819300,41.8174473,-87.8501198
17031819400,41.8100292,-87.8498739
17031819500,41.8143023,-87.8672573
17031819600,41.8051233,-87.8684177
17031819700,41.8090439,-87.8808243
17031819801,41.8121922,-87.8974038
17031819802,41.7972017,-87.8949053
17031819900,41.8041801,-87.9071573
17031820000,41.8014106,-87.9139502
17031820101,41.7761897,-87.9034274
17031820103,41.7899375,-87.8661978
17031820104,41.7821533,-87.877102
17031820202,41.7778184,-87.8507159
17031820203,41.7344487,-87.9022772
17031820204,41.7594817,-87.8917122
17031820300,41.7923913,-87.8068826
17031820400,41.7821747,-87.8125631
17031820501,41.771069,-87.8141057
17031820502,41.7538582,-87.804806
17031820603,41.7530761,-87.8434104
17031820604,41.749875,-87.826879
17031820605,41.7384267,-87.8309652
17031820606,41.7377492,-87.8542947
17031820700,41.8170254,-87.7737005
17031820800,41.8072538,-87.7735919
17031820901,41.7628985,-87.7745229
17031820902,41.7539907,-87.7530181
17031821001,41.742172,-87.7913613
17031821002,41.7415272,-87.7764294
17031821101,41.7382829,-87.7621853
17031821102,41.7429218,-87.7492511
17031821200,41.6683914,-87.6722979
17031821300,41.6551198,-87.6674619
17031821401,41.6662102,-87.6578736
17031821402,41.6614309,-87.6520323
17031821500,41.6505617,-87.6360769
17031821600,41.7300221,-87.6993289
17031821700,41.7211743,-87.7153549
17031821800,41.7194986,-87.7004232
17031821900,41.7122395,-87.6969816
17031822000,41.7312484,-87.7311338
17031822101,41.7241572,-87.7456175
17031822102,41.721552,-87.7315013
17031822200,41.727213,-87.7590953
17031822301,41.7298543,-87.7712608
17031822302,41.7171622,-87.7740754
17031822400,41.7229415,-87.7884717
17031822500,41.7178739,-87.7582831
17031822601,41.7089633,-87.7538136
17031822602,41.6991418,-87.7532159
17031822701,41.7123761,-87.730327
17031822702,41.7056906,-87.7305797
17031822801,41.6954003,-87.7382048
17031822802,41.6975608,-87.7278727
17031822900,41.7276936,-87.7947697
17031823001,41.7069648,-87.7841873
17031823002,41.6960739,-87.7694862
17031823101,41.6908498,-87.7928456
17031823102,41.6857372,-87.7792908
17031823200,41.6772853,-87.7557003
17031823302,41.660773,-87.7233375
17031823303,41.6777448,-87.7279109
17031823304,41.6814296,-87.7027507
17031823400,41.6651703,-87.6965048
17031823500,41.6656032,-87.6831791
17031823602,41.6496157,-87.7616774
17031823603,41.6499736,-87.7105022
17031823604,41.6578553,-87.7884282
17031823605,41.6675277,-87.7753771
17031823702,41.7109982,-87.8320932
17031823703,41.7188043,-87.808253
17031823704,41.7266564,-87.8391701
17031823705,41.7244675,-87.8261928
17031823801,41.6976101,-87.8774509
17031823803,41.6988605,-87.8279478
17031823805,41.6873618,-87.8243549
17031823806,41.6871426,-87.8044775
17031823901,41.6690598,-87.8379801
17031823903,41.6612104,-87.8180974
17031823904,41.6578494,-87.8045131
17031824003,41.6635976,-87.9857304
17031824004,41.6833746,-87.9477068
17031824005,41.6625965,-88.0163038
17031824006,41.6523772,-87.9495062
17031824105,41.6378233,-87.8374922
17031824106,41.6183582,-87.8230168
17031824107,41.608418,-87.8133108
17031824113,41.6223338,-87.8996399
17031824114,41.6192003,-87.8801208
17031824115,41.6238866,-87.8445146
17031824116,41.6109264,-87.8653784
17031824119,41.5818623,-87.8994716
17031824121,41.5918128,-87.8275417
17031824122,41.5799502,-87.8178544
17031824123,41.5898448,-87.7989125
17031824124,41.5957287,-87.8451712
17031824125,41.5858756,-87.8380624
17031824126,41.5674897,-87.8311612
17031824127,41.571626,-87.8452525
17031824128,41.5711509,-87.8661922
17031824129,41.5896844,-87.8758128
17031824300,41.6413219,-87.6992646
17031824400,41.6399603,-87.7262096
17031824503,41.636732,-87.7819886
17031824505,41.6080768,-87.7686415
17031824507,41.595329,-87.7732419
17031824508,41.6163142,-87.7914771
17031824509,41.6187892,-87.771806
17031824601,41.6286651,-87.7449388
17031824602,41.6174076,-87.7384991
17031824701,41.6281716,-87.71865
17031824702,41.6219896,-87.7084844
17031824800,41.6244575,-87.6852637
17031824900,41.609502,-87.6977125
17031825000,41.6022645,-87.7394453
17031825200,41.5969147,-87.7301778
17031825302,41.5811669,-87.7574059
17031825303,41.5816302,-87.7858574
17031825304,41.5736085,-87.8039867
17031825400,41.5652514,-87.7775704
17031825501,41.5784583,-87.7170864
17031825503,41.5707194,-87.6820191
17031825504,41.5644165,-87.7040282
17031825505,41.5635098,-87.7316996
17031825600,41.5930051,-87.6979153
17031825700,41.6394802,-87.5449604
17031825801,41.6347618,-87.572985
17031825802,41.6263798,-87.5600589
17031825803,41.6192447,-87.5620408
17031825900,41.621696,-87.5423651
17031826000,41.6239154,-87.5324077
17031826100,41.6048226,-87.5355854
17031826201,41.6048907,-87.564212
17031826202,41.5931658,-87.5363658
17031826301,41.6152862,-87.60649
17031826303,41.6134138,-87.5914506
17031826304,41.6180621,-87.5825095
17031826401,41.6389607,-87.5930136
17031826402,41.6280651,-87.5900943
17031826500,41.6319154,-87.6156118
17031826600,41.6363517,-87.6230152
17031826700,41.6362111,-87.6335585
17031826800,41.6373647,-87.6600155
17031826901,41.6210473,-87.6644797
17031826902,41.61487,-87.6640081
17031827000,41.6263396,-87.6451102
17031827100,41.6180623,-87.6463602
17031827200,41.6118075,-87.6268201
17031827300,41.6090306,-87.6462204
17031827400,41.6053741,-87.6659521
17031827500,41.5924803,-87.6384956
17031827600,41.5920457,-87.6641411
17031827700,41.5824275,-87.6657556
17031827801,41.6012262,-87.6081612
17031827802,41.6007043,-87.5904264
17031827804,41.5896585,-87.5961218
17031827805,41.582667,-87.600807
17031827901,41.5872064,-87.5721404
17031827902,41.58562,-87.5451769
17031828000,41.5734205,-87.541792
17031828100,41.5634411,-87.5356299
17031828201,41.5700056,-87.5664455
17031828202,41.5610697,-87.565853
17031828300,41.5701733,-87.611745
17031828401,41.5679857,-87.6651958
17031828402,41.5696515,-87.6409799
17031828503,41.5027587,-87.5689506
17031828504,41.4811153,-87.5506588
17031828505,41.5444212,-87.5604695
17031828507,41.5304853,-87.5348993
17031828508,41.5213439,-87.5437438
17031828601,41.5489586,-87.6608609
17031828602,41.5448091,-87.6408488
17031828701,41.5431384,-87.6252653
17031828702,41.5378384,-87.5990585
17031828801,41.5342762,-87.6617452
17031828802,41.5321711,-87.6427436
17031828900,41.5161624,-87.634952
17031829000,41.5103261,-87.6234952
17031829100,41.4966069,-87.6294933
17031829200,41.5092569,-87.6483161
17031829301,41.518378,-87.663778
17031829302,41.5049432,-87.6662785
17031829401,41.4969457,-87.6597613
17031829402,41.4825496,-87.6626555
17031829500,41.4882411,-87.6356188
17031829600,41.473429,-87.633043
17031829700,41.4937314,-87.5987123
17031829800,41.5425866,-87.6843362
17031829902,41.5395133,-87.7276252
17031829903,41.5499963,-87.7228061
17031829904,41.5496776,-87.7612104
17031830001,41.4924088,-87.7697665
17031830003,41.5137031,-87.7705236
17031830004,41.5153161,-87.7286213
17031830005,41.5219964,-87.6916481
17031830006,41.5004956,-87.7262566
17031830007,41.481612,-87.7228759
17031830008,41.4793012,-87.7651372
17031830100,41.5023717,-87.6877677
17031830201,41.4834318,-87.7086238
17031830202,41.491997,-87.6925217
17031830300,41.4838564,-87.6810647
17031830400,41.4749198,-87.6918353
17031830500,41.8291246,-87.7193199
17031830600,42.001698,-87.6735738
17031830700,41.9583035,-87.6607646
17031830800,41.9651413,-87.6765775
17031830900,41.9284245,-87.6849065
17031831000,41.9147981,-87.6769966
17031831100,41.9428559,-87.7174955
17031831200,41.9153214,-87.73226
17031831300,41.9077662,-87.7442596
17031831400,41.8691188,-87.7560884
17031831500,41.927595,-87.7880067
17031831600,41.9256105,-87.7976148
17031831700,41.9526537,-87.7452546
17031831800,41.9782238,-87.7164874
17031831900,41.945169,-87.6687907
17031832000,41.9462941,-87.6542982
17031832100,41.9528215,-87.6532414
17031832200,41.9204799,-87.6799746
17031832300,41.9198264,-87.6727807
17031832400,41.9157411,-87.6922565
17031832500,41.9222304,-87.6647962
17031832600,41.9147541,-87.6544654
17031832900,41.8741751,-87.6619349
17031833000,41.8852863,-87.6572488
17031833100,41.8790778,-87.6570459
17031833300,41.8716945,-87.6541237
17031833900,41.7310321,-87.5474226
17031834000,41.7273938,-87.629432
17031834200,41.7555676,-87.5836069
17031834300,41.7458348,-87.591788
17031834400,41.7769504,-87.596303
17031834500,41.786032,-87.6253618
17031834600,41.7872463,-87.6343057
17031834700,41.7906903,-87.6450334
17031834800,41.7836336,-87.6450883
17031834900,41.7722986,-87.6567361
17031835000,41.7828495,-87.6860492
17031835100,41.7901579,-87.6862479
17031835200,41.7966437,-87.7452866
17031835500,41.816354,-87.6325395
17031835600,41.8018345,-87.6322016
17031835800,41.8130462,-87.6187192
17031836000,41.8140036,-87.6116844
17031836100,41.7998052,-87.6186826
17031836200,41.7904693,-87.6012849
17031836300,41.8015324,-87.6017585
17031836400,41.8190118,-87.5951761
17031836500,41.8259463,-87.599456
17031836600,41.8986973,-87.7088059
17031836700,41.8917041,-87.7021747
17031836800,41.8850903,-87.7149666
17031836900,41.8818831,-87.7061362
17031837000,41.8783233,-87.6986739
17031837100,41.8856736,-87.6987204
17031837300,41.8716191,-87.7055524
17031837400,41.8759745,-87.6938013
17031837800,41.8847504,-87.6841272
17031838000,41.8773666,-87.6806521
17031838100,41.87867,-87.6716928
17031838200,41.8704149,-87.675126
17031838300,41.9015665,-87.6384039
17031838600,41.8678233,-87.7008236
17031838700,41.8625775,-87.7201851
17031838800,41.6834042,-87.5740611
17031839000,41.8710517,-87.6312983
17031839100,41.8809857,-87.6330703
17031839200,41.8420108,-87.6220362
17031839500,41.8340975,-87.6192919
17031839600,41.8274428,-87.6192486
17031839700,41.8336508,-87.6519488
17031839800,41.8350674,-87.6431623
17031839900,41.8273459,-87.648454
17031840000,41.8314369,-87.6384053
17031840100,41.8418308,-87.639203
17031840200,41.8446476,-87.6492096
17031840300,41.832097,-87.6818813
17031840400,41.8339264,-87.6671616
17031840700,41.8529302,-87.6942666
17031840800,41.8408329,-87.707371
17031841000,41.8475444,-87.6101983
17031841100,41.8516438,-87.6356612
17031841200,41.8555618,-87.683342
17031841300,41.8439774,-87.6842025
17031841500,41.8616224,-87.7079132
17031841700,41.8531302,-87.7041819
17031841800,41.7663063,-87.5994203
17031841900,41.8684578,-87.6429648
17031842000,41.83496,-87.6251702
17031842100,41.8952785,-87.7336103
17031842200,41.9047279,-87.6492199
17031842300,41.9097236,-87.6606398
17031842400,41.7424258,-87.6300706
17031842500,41.7769506,-87.6232157
17031842600,41.8162186,-87.6516951
17031842800,41.8075339,-87.6983044
17031842900,41.8631389,-87.6729371
17031843000,41.8679365,-87.7227489
17031843100,41.8626017,-87.6994529
17031843200,41.8487153,-87.6642169
17031843300,41.8637638,-87.6925503
17031843400,41.8493274,-87.7320218
17031843500,41.8409834,-87.6975661
17031843600,41.8067653,-87.6089488
17031843700,41.9455604,-87.690034
17031843800,41.8016566,-87.6404756
17031843900,41.7789932,-87.5761303
17031844600,41.8133852,-87.6254437
17031844700,41.8541473,-87.7117002
17031980000,41.9794191,-87.9024376
17031980100,41.7859813,-87.7509001
17031990000,41.9739391,-87.4002947
